{
  "model_comparison": {
    "Previous GNN": {
      "epoch": 13,
      "val_loss": 0.2705996669357336,
      "val_accuracy": 0.9235059760956176,
      "loss": 0,
      "file_size_mb": 0.5008440017700195
    },
    "Enhanced GNN": {
      "epoch": 12,
      "val_loss": 0.2026337247483338,
      "val_accuracy": 0.9410358565737051,
      "loss": 0,
      "file_size_mb": 0.5012655258178711
    },
    "Previous Diffusion": {
      "epoch": 11,
      "val_loss": 0,
      "val_accuracy": 0,
      "loss": 1.8551405933823917,
      "file_size_mb": 2.0223608016967773
    },
    "Enhanced Diffusion": {
      "epoch": 12,
      "val_loss": 0,
      "val_accuracy": 0,
      "loss": 2.055537520068707,
      "file_size_mb": 2.0229806900024414
    }
  },
  "summary": {
    "gnn_improvement": {
      "val_loss_change": -0.06796594218739982,
      "val_accuracy_change": 0.017529880478087567,
      "file_size_change": 0.0004215240478515625
    },
    "diffusion_improvement": {
      "loss_change": 0.20039692668631526,
      "file_size_change": 0.0006198883056640625
    }
  }
}